Country Name ,Country Code,Year,Internet Usage(%),GDP Growth (%),Unemployment (%)
Australia,AUS,"2,015.00",84.56,2.164347806,6.055
Australia,AUS,"2,016.00",86.54,2.755640655,5.711
Australia,AUS,"2,017.00",86.55,2.293310302,5.592
Australia,AUS,"2,018.00",90.01,2.874170395,5.345
Australia,AUS,"2,019.00",93.61,2.194017036,5.143
Australia,AUS,"2,020.00",94.69,-0.1335319043,6.394
Australia,AUS,"2,021.00",96.97,2.006948443,5.022
Australia,AUS,"2,022.00",96.12,4.253045592,3.728
Australia,AUS,"2,023.00",96.12,3.583821008,3.668
Australia,AUS,"2,024.00",96.13,1.373407734,3.942
Brazil,BRA,"2,015.00",58.33,-3.545763393,8.538
Brazil,BRA,"2,016.00",60.87,-3.275916908,11.58
Brazil,BRA,"2,017.00",67.47,1.322869054,12.792
Brazil,BRA,"2,018.00",70.43,1.783666762,12.329
Brazil,BRA,"2,019.00",73.91,1.220777824,11.936
Brazil,BRA,"2,020.00",81.34,-3.276758796,13.697
Brazil,BRA,"2,021.00",80.69,4.762604379,13.158
Brazil,BRA,"2,022.00",80.53,3.016694354,9.231
Brazil,BRA,"2,023.00",84.15,3.241655329,7.947
Brazil,BRA,"2,024.00",84.46,3.419315165,6.801
China,CHN,"2,015.00",50.30,6.981622556,4.65
China,CHN,"2,016.00",53.20,6.773688687,4.56
China,CHN,"2,017.00",54.30,6.891239166,4.47
China,CHN,"2,018.00",65.36,6.757806142,4.31
China,CHN,"2,019.00",64.08,6.067378063,4.56
China,CHN,"2,020.00",70.05,2.339503852,5
China,CHN,"2,021.00",73.05,8.57038415,4.55
China,CHN,"2,022.00",75.61,3.133854384,4.98
China,CHN,"2,023.00",90.60,5.416003345,4.67
China,CHN,"2,024.00",92.00,4.958303788,4.59
Germany,DEU,"2,015.00",87.59,1.663006023,4.612
Germany,DEU,"2,016.00",84.17,2.222222163,4.104
Germany,DEU,"2,017.00",84.39,2.797906721,3.781
Germany,DEU,"2,018.00",87.04,1.135696046,3.384
Germany,DEU,"2,019.00",88.13,0.977734697,3.163
Germany,DEU,"2,020.00",89.81,-4.131914432,3.881
Germany,DEU,"2,021.00",91.43,3.909999942,3.594
Germany,DEU,"2,022.00",91.63,1.809258124,3.137
Germany,DEU,"2,023.00",92.48,-0.8696475786,3.071
Germany,DEU,"2,024.00",93.50,-0.4958518973,3.4
France,FRA,"2,015.00",78.01,1.066754748,10.354
France,FRA,"2,016.00",79.27,0.8600310754,10.057
France,FRA,"2,017.00",80.50,2.08361486,9.409
France,FRA,"2,018.00",82.04,1.645908724,9.018
France,FRA,"2,019.00",83.34,2.027446464,8.415
France,FRA,"2,020.00",84.71,-7.440645899,8.009
France,FRA,"2,021.00",86.10,6.882337834,7.871
France,FRA,"2,022.00",85.33,2.716762642,7.303
France,FRA,"2,023.00",86.84,1.439214944,7.335
France,FRA,"2,024.00",88.65,1.190467983,7.4
United Kingdom,GBR,"2,015.00",92.00,2.1404056,5.552
United Kingdom,GBR,"2,016.00",94.78,2.206520206,4.909
United Kingdom,GBR,"2,017.00",90.42,3.023222198,4.501
United Kingdom,GBR,"2,018.00",90.69,1.551330951,4.145
United Kingdom,GBR,"2,019.00",92.52,1.256298998,3.657
United Kingdom,GBR,"2,020.00",94.82,-10.04789664,4.472
United Kingdom,GBR,"2,021.00",96.20,8.543111845,4.864
United Kingdom,GBR,"2,022.00",95.47,5.149703885,3.768
United Kingdom,GBR,"2,023.00",95.45,0.2716500484,4.025
United Kingdom,GBR,"2,024.00",95.47,1.080277169,4.361
India,IND,"2,015.00",14.90,7.996253786,7.629
India,IND,"2,016.00",16.50,8.256305502,7.611
India,IND,"2,017.00",18.20,6.795383419,7.626
India,IND,"2,018.00",20.08,6.453851345,7.652
India,IND,"2,019.00",29.52,3.871436941,6.51
India,IND,"2,020.00",43.41,-5.777724707,7.859
India,IND,"2,021.00",49.26,9.689592492,6.38
India,IND,"2,022.00",55.90,7.609364978,4.822
India,IND,"2,023.00",60.25,7.210224629,4.172
India,IND,"2,024.00",64.94,7.099278932,4.173
Japan,JPN,"2,015.00",91.06,1.799977358,3.385
Japan,JPN,"2,016.00",93.18,0.7049864951,3.132
Japan,JPN,"2,017.00",91.73,1.623450622,2.822
Japan,JPN,"2,018.00",88.75,0.834143846,2.467
Japan,JPN,"2,019.00",92.73,-0.3084969211,2.351
Japan,JPN,"2,020.00",90.22,-4.283279427,2.809
Japan,JPN,"2,021.00",82.91,3.564195315,2.808
Japan,JPN,"2,022.00",84.92,1.331647507,2.614
Japan,JPN,"2,023.00",85.01,0.7207853047,2.6
Japan,JPN,"2,024.00",85.54,-0.240084236,2.5
United States,USA,"2,015.00",74.55,2.945550452,5.28
United States,USA,"2,016.00",85.54,1.819451479,4.869
United States,USA,"2,017.00",87.27,2.457622301,4.355
United States,USA,"2,018.00",88.50,2.966505067,3.896
United States,USA,"2,019.00",89.43,2.583825331,3.669
United States,USA,"2,020.00",90.34,-2.081375978,8.055
United States,USA,"2,021.00",91.27,6.152022479,5.349
United States,USA,"2,022.00",92.73,2.524213851,3.65
United States,USA,"2,023.00",93.53,2.934363224,3.638
United States,USA,"2,024.00",94.69,2.793187154,4.022
South Africa,ZAF,"2,015.00",51.92,1.321862237,25.149
South Africa,ZAF,"2,016.00",54.00,0.6645523079,26.536
South Africa,ZAF,"2,017.00",56.17,1.157946952,27.035
South Africa,ZAF,"2,018.00",62.40,1.556783847,26.906
South Africa,ZAF,"2,019.00",69.70,0.2599355769,28.468
South Africa,ZAF,"2,020.00",72.11,-6.168917715,29.217
South Africa,ZAF,"2,021.00",74.97,4.858648651,34.007
South Africa,ZAF,"2,022.00",78.29,2.058136617,33.268
South Africa,ZAF,"2,023.00",78.34,0.806104551,32.098
South Africa,ZAF,"2,024.00",78.36,0.5348435319,32.279